<?xml version="1.0"?>
<resource><item group="Labels" id="Category.Uncategory"><message>&#x41E;&#x431;&#x449;&#x438;&#x435; &#x441;&#x432;&#x435;&#x434;&#x435;&#x43D;&#x438;&#x44F;</message><description>&#x418;&#x43C;&#x44F; &#x43A;&#x430;&#x442;&#x435;&#x433;&#x43E;&#x440;&#x438;&#x438; &#x43E;&#x431;&#x449;&#x438;&#x445; &#x441;&#x432;&#x435;&#x434;&#x435;&#x43D;&#x438;&#x439;</description></item><item group="Labels" id="Label.RemainingTime"><message>&#x41E;&#x441;&#x442;&#x430;&#x435;&#x442;&#x441;&#x44F; &#x432;&#x440;&#x435;&#x43C;&#x435;&#x43D;&#x438;</message><description>&#x41E;&#x441;&#x442;&#x430;&#x435;&#x442;&#x441;&#x44F; &#x432;&#x440;&#x435;&#x43C;&#x435;&#x43D;&#x438;</description></item><item group="Labels" id="Label.Completed"><message>&#x41F;&#x440;&#x43E;&#x433;&#x435;&#x440;&#x441;&#x441; &#x432;&#x44B;&#x43F;&#x43E;&#x43B;&#x43D;&#x435;&#x43D;&#x438;&#x44F; &#x437;&#x430;&#x434;&#x430;&#x43D;&#x438;&#x439; - </message><description>&#x41F;&#x440;&#x43E;&#x433;&#x435;&#x440;&#x441;&#x441; &#x432;&#x44B;&#x43F;&#x43E;&#x43B;&#x43D;&#x435;&#x43D;&#x438;&#x44F; &#x437;&#x430;&#x434;&#x430;&#x43D;&#x438;&#x439; - </description></item><item group="Labels" id="Label.Print"><message>&#x41F;&#x435;&#x447;&#x430;&#x442;&#x44C; &#x440;&#x435;&#x437;&#x443;&#x43B;&#x44C;&#x442;&#x430;&#x442;&#x430; &#x442;&#x435;&#x441;&#x442;&#x438;&#x440;&#x43E;&#x432;&#x430;&#x43D;&#x438;&#x44F;</message><description>&#x41F;&#x435;&#x447;&#x430;&#x442;&#x44C; &#x440;&#x435;&#x437;&#x443;&#x43B;&#x44C;&#x442;&#x430;&#x442;&#x430; &#x442;&#x435;&#x441;&#x442;&#x438;&#x440;&#x43E;&#x432;&#x430;&#x43D;&#x438;&#x44F;</description></item><item group="Labels" id="Label.Continue"><message>&#x41D;&#x430;&#x447;&#x430;&#x442;&#x44C; &#x442;&#x435;&#x441;&#x442;&#x438;&#x440;&#x43E;&#x432;&#x430;&#x43D;&#x438;&#x435;</message><description>&#x41D;&#x430;&#x447;&#x430;&#x442;&#x44C; &#x442;&#x435;&#x441;&#x442;&#x438;&#x440;&#x43E;&#x432;&#x430;&#x43D;&#x438;&#x435;</description></item><item group="Labels" id="Label.Email"><message>&#x42D;&#x43B;&#x435;&#x43A;&#x442;&#x440;&#x43E;&#x43D;&#x43D;&#x430;&#x44F; &#x43F;&#x43E;&#x447;&#x442;&#x430;</message><description>&#x42D;&#x43B;&#x435;&#x43A;&#x442;&#x440;&#x43E;&#x43D;&#x43D;&#x430;&#x44F; &#x43F;&#x43E;&#x447;&#x442;&#x430;</description></item><item group="Labels" id="Title.QuizResultList"><message>&#x421;&#x442;&#x440;&#x430;&#x43D;&#x438;&#x446;&#x430; &#x440;&#x435;&#x437;&#x443;&#x43B;&#x44C;&#x442;&#x430;&#x442;&#x43E;&#x432; &#x442;&#x435;&#x441;&#x442;&#x430;</message><description>&#x421;&#x442;&#x440;&#x430;&#x43D;&#x438;&#x446;&#x430; &#x440;&#x435;&#x437;&#x443;&#x43B;&#x44C;&#x442;&#x430;&#x442;&#x43E;&#x432; &#x442;&#x435;&#x441;&#x442;&#x430;</description></item><item group="Labels" id="Label.Quiz"><message>&#x422;&#x435;&#x441;&#x442;</message><description>&#x422;&#x435;&#x441;&#x442;</description></item><item group="Labels" id="Label.NumberPos"><message>#</message><description>&#x41D;&#x43E;&#x43C;&#x435;&#x440; &#x43F;&#x43E;&#x437;&#x438;&#x446;&#x438;&#x438;</description></item><item group="Labels" id="Label.StartDate"><message>&#x414;&#x430;&#x442;&#x430; &#x43D;&#x430;&#x447;&#x430;&#x43B;&#x430;</message><description>&#x414;&#x430;&#x442;&#x430; &#x43D;&#x430;&#x447;&#x430;&#x43B;&#x430;</description></item><item group="Labels" id="Label.EndDate"><message>&#x414;&#x430;&#x442;&#x430; &#x43E;&#x43A;&#x43E;&#x43D;&#x447;&#x430;&#x43D;&#x438;&#x44F;</message><description>&#x414;&#x430;&#x442;&#x430; &#x43E;&#x43A;&#x43E;&#x43D;&#x447;&#x430;&#x43D;&#x438;&#x44F;</description></item><item group="Labels" id="Label.Score"><message>&#x421;&#x447;&#x435;&#x442;</message><description>&#x421;&#x447;&#x435;&#x442;</description></item><item group="Labels" id="Label.Details"><message>&#x41F;&#x43E;&#x434;&#x440;&#x43E;&#x431;&#x43D;&#x43E;&#x441;&#x442;&#x438;</message><description>&#x41F;&#x43E;&#x434;&#x440;&#x43E;&#x431;&#x43D;&#x43E;&#x441;&#x442;&#x438;</description></item><item group="Labels" id="Label.Passed"><message>&#x41F;&#x440;&#x43E;&#x439;&#x434;&#x435;&#x43D;&#x43E;</message><description>&#x41F;&#x440;&#x43E;&#x439;&#x434;&#x435;&#x43D;&#x43E;</description></item><item group="Labels" id="Label.NoPassed"><message>&#x41D;&#x435; &#x43F;&#x440;&#x43E;&#x439;&#x434;&#x435;&#x43D;&#x43E;</message><description>&#x41D;&#x435; &#x43F;&#x440;&#x43E;&#x439;&#x434;&#x435;&#x43D;&#x43E;</description></item><item group="Labels" id="Label.View"><message>&#x41F;&#x440;&#x43E;&#x441;&#x43C;&#x43E;&#x442;&#x440;</message><description>&#x41F;&#x440;&#x43E;&#x441;&#x43C;&#x43E;&#x442;&#x440;</description></item><item group="Labels" id="Label.Question"><message>&#x412;&#x43E;&#x43F;&#x440;&#x43E;&#x441;</message><description>&#x412;&#x43E;&#x43F;&#x440;&#x43E;&#x441;</description></item><item group="Labels" id="Label.Choice"><message>&#x412;&#x430;&#x440;&#x438;&#x430;&#x43D;&#x442; &#x43E;&#x442;&#x432;&#x435;&#x442;&#x430; &#x2116; </message><description>&#x412;&#x430;&#x440;&#x438;&#x430;&#x43D;&#x442; &#x43E;&#x442;&#x432;&#x435;&#x442;&#x430; &#x2116; </description></item><item group="Labels" id="Label.Save"><message>&#x421;&#x43B;&#x435;&#x434;&#x443;&#x44E;&#x449;&#x438;&#x439; &#x432;&#x43E;&#x43F;&#x440;&#x43E;&#x441;</message><description>&#x421;&#x43B;&#x435;&#x434;&#x443;&#x44E;&#x449;&#x438;&#x439; &#x432;&#x43E;&#x43F;&#x440;&#x43E;&#x441;</description></item><item group="Labels" id="Label.Skip"><message>&#x41F;&#x440;&#x43E;&#x43F;&#x443;&#x441;&#x442;&#x438;&#x442;&#x44C; &#x438; &#x432;&#x435;&#x440;&#x43D;&#x443;&#x442;&#x44C;&#x441;&#x44F; &#x43A; &#x432;&#x43E;&#x43F;&#x440;&#x43E;&#x441;&#x443; &#x43F;&#x43E;&#x437;&#x436;&#x435;</message><description>&#x41F;&#x440;&#x43E;&#x43F;&#x443;&#x441;&#x442;&#x438;&#x442;&#x44C; &#x438; &#x432;&#x435;&#x440;&#x43D;&#x443;&#x442;&#x44C;&#x441;&#x44F; &#x43A; &#x432;&#x43E;&#x43F;&#x440;&#x43E;&#x441;&#x443; &#x43F;&#x43E;&#x437;&#x436;&#x435;</description></item><item group="Labels" id="Label.Guest"><message>&#x413;&#x43E;&#x441;&#x442;&#x44C;</message><description>&#x413;&#x43E;&#x441;&#x442;&#x44C;</description></item><item group="Labels" id="Label.EmailQuizResult"><message>&#x420;&#x435;&#x437;&#x443;&#x43B;&#x44C;&#x442;&#x430;&#x442;&#x44B; &#x442;&#x435;&#x441;&#x442;&#x430;</message><description>&#x42D;&#x43B;&#x435;&#x43A;&#x442;&#x440;&#x43E;&#x43D;&#x43D;&#x43E;&#x435; &#x441;&#x43E;&#x43E;&#x431;&#x449;&#x435;&#x43D;&#x438;&#x435; &#x441; &#x440;&#x435;&#x437;&#x443;&#x43B;&#x44C;&#x442;&#x430;&#x442;&#x43E;&#x43C; &#x442;&#x435;&#x441;&#x442;&#x430;</description></item><item group="Labels" id="Label.EmailSend"><message>&#x42D;&#x43B;&#x435;&#x43A;&#x442;&#x440;&#x43E;&#x43D;&#x43D;&#x43E;&#x435; &#x441;&#x43E;&#x43E;&#x431;&#x449;&#x435;&#x43D;&#x438;&#x435; &#x43E;&#x442;&#x43F;&#x440;&#x430;&#x432;&#x43B;&#x435;&#x43D;&#x43E;</message><description>&#x42D;&#x43B;&#x435;&#x43A;&#x442;&#x440;&#x43E;&#x43D;&#x43D;&#x43E;&#x435; &#x441;&#x43E;&#x43E;&#x431;&#x449;&#x435;&#x43D;&#x438;&#x435; &#x43E;&#x442;&#x43F;&#x440;&#x430;&#x432;&#x43B;&#x435;&#x43D;&#x43E;</description></item><item group="Labels" id="Label.EmailNotSend"><message>&#x42D;&#x43B;&#x435;&#x43A;&#x442;&#x440;&#x43E;&#x43D;&#x43D;&#x43E;&#x435; &#x441;&#x43E;&#x43E;&#x431;&#x449;&#x435;&#x43D;&#x438;&#x435; &#x43D;&#x435; &#x43E;&#x442;&#x43F;&#x440;&#x430;&#x432;&#x43B;&#x435;&#x43D;&#x43E; </message><description>&#x42D;&#x43B;&#x435;&#x43A;&#x442;&#x440;&#x43E;&#x43D;&#x43D;&#x43E;&#x435; &#x441;&#x43E;&#x43E;&#x431;&#x449;&#x435;&#x43D;&#x438;&#x435; &#x43D;&#x435; &#x43E;&#x442;&#x43F;&#x440;&#x430;&#x432;&#x43B;&#x435;&#x43D;&#x43E; </description></item><item group="Labels" id="Label.NotItemsFound"><message>&#x41D;&#x435;&#x442; &#x434;&#x430;&#x43D;&#x43D;&#x44B;&#x445; &#x434;&#x43B;&#x44F; &#x432;&#x44B;&#x432;&#x43E;&#x434;&#x430;</message><description>&#x41D;&#x435;&#x442; &#x434;&#x430;&#x43D;&#x43D;&#x44B;&#x445; &#x434;&#x43B;&#x44F; &#x432;&#x44B;&#x432;&#x43E;&#x434;&#x430;</description></item><item group="Labels" id="Date.DayShort"><message>&#x414;&#x430;&#x442;&#x430;</message><description>&#x414;&#x430;&#x442;&#x430;</description></item><item group="Labels" id="Date.HourShort"><message>&#x427;&#x430;&#x441;.</message><description>&#x427;&#x430;&#x441;.</description></item><item group="Labels" id="Date.MinuteShort"><message>&#x41C;&#x438;&#x43D;.</message><description>&#x41C;&#x438;&#x43D;.</description></item><item group="Labels" id="Date.SecondShort"><message>&#x421;&#x435;&#x43A;.</message><description>&#x421;&#x435;&#x43A;.</description></item><item group="Labels" id="Label.QuestionInfo"><message>&#x412;&#x43E;&#x43F;&#x440;&#x43E;&#x441;&#x44B; %d &#x438;&#x437; %d</message><description>&#x412;&#x43E;&#x43F;&#x440;&#x43E;&#x441;&#x44B; N &#x438;&#x437; M</description></item><item group="Message" id="FrontEnd.QuizNotAvailable"><message>&#x412;&#x44B;&#x431;&#x440;&#x430;&#x43D;&#x43D;&#x44B;&#x439; &#x442;&#x435;&#x441;&#x442; &#x43D;&#x435; &#x430;&#x43A;&#x442;&#x438;&#x432;&#x438;&#x440;&#x43E;&#x432;&#x430;&#x43D;, &#x43E;&#x431;&#x440;&#x430;&#x442;&#x438;&#x442;&#x435;&#x441;&#x44C; &#x43A; &#x430;&#x434;&#x43C;&#x438;&#x43D;&#x438;&#x441;&#x442;&#x440;&#x430;&#x442;&#x43E;&#x440;&#x443;</message><description>&#x412;&#x44B;&#x431;&#x440;&#x430;&#x43D;&#x43D;&#x44B;&#x439; &#x442;&#x435;&#x441;&#x442; &#x43D;&#x435; &#x430;&#x43A;&#x442;&#x438;&#x432;&#x438;&#x440;&#x43E;&#x432;&#x430;&#x43D;, &#x43E;&#x431;&#x440;&#x430;&#x442;&#x438;&#x442;&#x435;&#x441;&#x44C; &#x43A; &#x430;&#x434;&#x43C;&#x438;&#x43D;&#x438;&#x441;&#x442;&#x440;&#x430;&#x442;&#x43E;&#x440;&#x443;</description></item><item group="Validators" id="Validator.QuestionEmptyAnswer"><message>&#x412;&#x432;&#x435;&#x434;&#x438;&#x442;&#x435; &#x432;&#x430;&#x448; &#x43E;&#x442;&#x432;&#x435;&#x442; &#x438;&#x43B;&#x438; &#x432;&#x44B;&#x431;&#x435;&#x440;&#x438;&#x442;&#x435; &#x432;&#x430;&#x440;&#x438;&#x430;&#x43D;&#x442; &#x43E;&#x442;&#x432;&#x435;&#x442;&#x430;, &#x43F;&#x43E;&#x436;&#x430;&#x43B;&#x443;&#x439;&#x441;&#x442;&#x430;</message><description>&#x412;&#x432;&#x435;&#x434;&#x438;&#x442;&#x435; &#x432;&#x430;&#x448; &#x43E;&#x442;&#x432;&#x435;&#x442; &#x432; &#x442;&#x435;&#x43A;&#x441;&#x442;&#x43E;&#x432;&#x43E;&#x435; &#x43F;&#x43E;&#x43B;&#x435;, &#x43F;&#x43E;&#x436;&#x430;&#x43B;&#x443;&#x439;&#x441;&#x442;&#x430;</description></item><item group="Validators" id="Validator.QuestionNotSelected"><message>&#x41F;&#x43E;&#x436;&#x430;&#x43B;&#x443;&#x439;&#x441;&#x442;&#x430;, &#x432;&#x44B;&#x431;&#x435;&#x440;&#x438;&#x442;&#x435; &#x432;&#x430;&#x440;&#x438;&#x430;&#x43D;&#x442; &#x43E;&#x442;&#x432;&#x435;&#x442;&#x430;</message><description>&#x41F;&#x43E;&#x436;&#x430;&#x43B;&#x443;&#x439;&#x441;&#x442;&#x430;, &#x432;&#x44B;&#x431;&#x435;&#x440;&#x438;&#x442;&#x435; &#x432;&#x430;&#x440;&#x438;&#x430;&#x43D;&#x442; &#x43E;&#x442;&#x432;&#x435;&#x442;&#x430;</description></item></resource>
