<?xml version="1.0" encoding="UTF-8"?>
<install type="module" version="1.5" client="site" method="upgrade">
	<name>ARI Quiz top results</name>
	<creationDate>October 2012</creationDate>
	<author>ARI Soft</author>
	<authorEmail>info@ari-soft.com</authorEmail>
	<authorUrl>www.ari-soft.com</authorUrl>
	<version>1.2.0</version>
	<description>Shows top quizzes results</description>
	<files>
		<filename module="mod_ariquiztopresult">mod_ariquiztopresult.php</filename>
		<filename>index.html</filename>
	</files>
	<params>
		<param name="moduleclass_sfx" type="text" default="" label="Module Class Suffix" description="A suffix to be applied to the css class of the module (table.moduletable), this allows individual module styling" />
		<param name="@spacer" type="spacer" default="" label="" description="" />
		<param name="label" type="text" default="Top Results" label="Label" description="Header text" />
		<param name="@spacer" type="spacer" default="" label="" description="" />
		<param name="count" type="text" default="5" label="Count" description="The number of items to display (default 5)" />
		<param name="@spacer" type="spacer" default="" label="" description="" />
		<param name="pointUnit" type="list" default="percent" label="Result measure unit" description="Result measure unit (default percent)">
			<option value="percent">Percent</option> 
			<option value="point">Point</option> 
		</param>
	</params>
</install>